"name","url"
"AlienVault Blogs","www.alienvault.com/open-threat-exchange/blog"
"Avast Blog","blog.avast.com"
"Bromium Labs","labs.bromium.com"
"CVE Details","www.cvedetails.com"
"Cisco Blog > Security","blogs.cisco.com/security"
"DELL SecureWorks","www.secureworks.com/resources/blog"
"Dynamoo's Blog","blog.dynamoo.com/"
"F-Secure Labs","www.f-secure.com/weblog"
"FireEye Threat Research","www.fireeye.com/blog/threat-research"
"FoxIT Blog","blog.fox-it.com"
"Kahu Security","www.kahusecurity.com"
"MALware FORensics SECurity","malforsec.blogspot.com/"
"Malware Analysis: The Final Frontier","malwageddon.blogspot.com"
"Malware don't need Coffee","malware.dontneedcoffee.com"
"Malware-Traffic-Analysis.net","http://www.malware-traffic-analysis.net/"
"Malwarebytes UNPACKED","blog.malwarebytes.org"
"Proofpoint threatinsight","www-admin.proofpoint.com/threatinsight"
"Recorded Future","www.recordedfuture.com"
"RiskIQ Blog","www.riskiq.com/blog"
"SpiderLabs Blog","www.trustwave.com/Resources/SpiderLabs-Blog"
"Symantec Connect","www.symantec.com/connect/blogs"
"ThreatPost","www.threatpost.com"
"TrendLabs Security Intelligence Blog","blog.trendmicro.com/trendlabs-security-intelligence"
"Websense Security Labs Blog","community.websense.com/blogs/securitylabs"
"ZScaler Threat Labz","research.zscaler.com"
"welivesecurity.com","www.welivesecurity.com"
