"intelSourceNAME","intelNAME"
"Dynamoo's Blog","""Unpaid invoice notification"" spam leads to Angler Exploit Kit"
"Malware-Traffic-Analysis.net","2013-11-23 - CAPHAW DRIVEBY LEADS TO STYX EPLOIT"
"Malware-Traffic-Analysis.net","2013-11-29 - FIESTA EXPLOIT KIT"
"Malware-Traffic-Analysis.net","2013-12-27 - STYX EXPLOIT DELIVERS SIMDA MALWARE"
"Malware-Traffic-Analysis.net","2014-01-01 - FIESTA EK DELIVERS CVE-2013-2551"
"Malware-Traffic-Analysis.net","2014-01-09 - DOTKACHEF EXPLOIT KIT"
"Malware-Traffic-Analysis.net","2014-01-14 - MAGNITUDE EK"
"Malware-Traffic-Analysis.net","2014-01-24 - NUCLEAR PACK EXPLOIT KIT"
"Malware-Traffic-Analysis.net","2014-01-26 - SWEET ORANGE EK DELIVERS MSIE EXPLOIT"
"Malware-Traffic-Analysis.net","2014-02-01 - FIESTA EK DELIVERS CVE-2013-0074 (SILVERLIGHT EXPLOIT)"
"Malware-Traffic-Analysis.net","2014-02-03 PART 1 OF 4 - GOON EK - JAVA EXPLOIT DELIVERS ASPROX-STYLE MALWARE"
"Malware-Traffic-Analysis.net","2014-02-23 - NEUTRINO EK AND SILVERLIGHT EXPLOIT"
"Malware-Traffic-Analysis.net","2014-02-28 - FIESTA EK - CVE-2013-2465 JAVA EXPLOIT"
"Malware-Traffic-Analysis.net","2014-03-04 - HELLO EXPLOIT KIT"
"Malware-Traffic-Analysis.net","2014-03-17 - ZUPONCIC EK"
"Malware-Traffic-Analysis.net","2014-03-19 - GOON/INFINITY EK SENDS FLASH FOR IE 10 EXPLOIT CVE-2014-0322"
"Malware-Traffic-Analysis.net","2014-03-23 - GOON/INFINITY EK USING FLASH FOR IE 10 EXPLOIT CVE-2014-0322"
"Malware-Traffic-Analysis.net","2014-03-23 - OLD EXPLOIT, NEW HASH FOR THE MALWARE PAYLOAD"
"Malware-Traffic-Analysis.net","2014-03-25 - MAGNITUDE EK USES IE EXPLOIT CVE-2013-2551"
"Malware-Traffic-Analysis.net","2014-03-29 - FLASHPACK EK USES CVE-2014-0322 AND JAVA EXPLOIT"
"Malware-Traffic-Analysis.net","2014-04-07 - NUCLEAR EK FROM 142.4.194.72 - DYSTERIEW.RU"
"Malware-Traffic-Analysis.net","2014-04-11 - FIESTA EK FROM 64.202.123.50 - 11IMAW1.DIMATUR.PT - FLASH/SILVERLIGHT/JAVA EXPLOITS"
"Malware-Traffic-Analysis.net","2014-04-15 - FUN WITH GOON/INFINITY EK"
"Malware-Traffic-Analysis.net","2014-04-20 - SWEET ORANGE EK FROM 195.16.88.159 PORT 9290 - FLASH AND JAVA EXPLOITS"
"Malware-Traffic-Analysis.net","2014-05-19 - FLASHPACK EK FROM 95.154.246.90 - LEY9NBU9C4C5R3OIE3819IT.NS1.BAYANDOVMECI.COM"
"Malware-Traffic-Analysis.net","2014-06-06 - CVE-2014-0515 EXPLOIT FROM FLASHPACK EK - 176.9.117.170 - SPCIOLV24HKA0E790VWIZGM.ADDIRECTORY.ORG"
"Malware-Traffic-Analysis.net","2014-06-10 - FLASHPACK EK FROM 192.71.151.14 - 3JF9S456U0RQV91RNO5PMFM.APTEKA-EREKCJA.PL"
"Malware-Traffic-Analysis.net","2014-06-12 - CVE-2014-0515 EXPLOIT FROM SWEET ORANGE EK - 82.118.17.172 PORT 16122 - IMG.BLUEPRINT-LEGAL.COM:16122"
"Malware-Traffic-Analysis.net","2014-06-19 - NUCLEAR EK FROM 5.135.28.118 - 2624633428-6.DISBARMENTSCORE.CO7.US"
"Malware-Traffic-Analysis.net","2014-06-25 - NUCLEAR EK FROM 185.14.31.37 - 4607C15APBMYK.WEALEH.UNI.ME - 2453099568-6.WEALEH.UNI.ME"
"Malware-Traffic-Analysis.net","2014-07-24 - SWEET ORANGE EK FROM 94.185.82.194 port 16122 - CDN.ABISTRA.CO - CDN.GEORGICAPARTNERS.COM"
"Malware-Traffic-Analysis.net","2014-07-26 - RIG EK FROM 194.58.101.51 - WELCOME.SHIRAZTSHIRTS.COM"
"Malware-Traffic-Analysis.net","2014-08-22 - UNKNOWN EXPLOIT KIT FROM 76.74.157.161 - WWW.PIZZANETP.COM"
"Malware-Traffic-Analysis.net","2014-09-01 - RIG EK FROM 5.231.72.115 - NUAYSUQ.PLANEIMPRESSIONS.COM"
"Malware-Traffic-Analysis.net","2015-01-02 - FAKE TARGET PHISHING EMAILS FROM THE ASPROX BOTNET"
"Malware-Traffic-Analysis.net","2015-01-03 - KAIXIN EK FROM 119.147.137.128 - AS2.22WDASDA.CC"
"Malware-Traffic-Analysis.net","2015-01-07 - RECENT DRIDEX PHISHING CAMPAIGN"
"Malware-Traffic-Analysis.net","2015-01-13 - DYRE PHISHING RUN - SUBJECT: YOUR TAX RETURN WAS INCORRECTLY FILLED OUT"
"Malware-Traffic-Analysis.net","2015-01-21 - UPATRE/DYRE PHISHING RUN - SUBJECT: EMPLOYEE DOCUMENTS - INTERNAL USE"
"Malware-Traffic-Analysis.net","2015-01-23 - NUCLEAR EK PUSHES VAWTRAK/NEVERQUEST"
"Malware-Traffic-Analysis.net","2015-01-26 - DRIDEX MALSPAM WAVE - SUBJECT: BERENDSEN UK LTD INVOICE 60020918 117"
"Malware-Traffic-Analysis.net","2015-01-27 - UPATRE/DYRE MALSPAM WAVE - SUBJECT: VOICE MESSAGE"
"Malware-Traffic-Analysis.net","2015-01-29 - NUCLEAR EK FROM 178.62.149.46 - CULTUREMERGE.GA - VAWTRAK PAYLOAD"
"Malware-Traffic-Analysis.net","2015-01-30 - ANGLER EK FROM 178.32.131.248 - 6JD5C9.CKK.CREACIONESLITERARIAS-KIRK.COM"
"Malware-Traffic-Analysis.net","2015-01-31 KAIXIN EK FROM 103.251.38.20:802 - EK PAYLOAD FROM 210.109.101.13 - WWW.MYRSVP.CO.KR"
"Malware-Traffic-Analysis.net","2015-02-01 - NUCLEAR EK FROM 178.62.250.102 - DISCREETTARGET.CF"
"Malware-Traffic-Analysis.net","2015-02-02 - MALSPAM RUN PUSHES CHANITOR - SUBJECT: LOGMEIN PROMO CODE - GET 50% OFF YOUR NEXT PURCHASE"
"Malware-Traffic-Analysis.net","2015-02-04 - NUCLEAR EK FROM 5.9.120.123 - ZXC.MIVYCEM.COM"
"Malware-Traffic-Analysis.net","2015-02-05 - BIZCN GATE ACTOR CHANGES IP ADDRESS, DOMAIN NAMES, AND URL PATTERN FOR ITS GATE"
"Malware-Traffic-Analysis.net","2015-02-06 - RIG EK FROM 46.182.30.163 PUSHING KRONOS"
"Malware-Traffic-Analysis.net","2015-02-09 - CHANITOR/VAWTRAK MALSPAM - SUBJECT: USPS DELIVERY NOTIFICATION"
"Malware-Traffic-Analysis.net","2015-02-09 - SWEET ORANGE EK FROM 91.224.141.64 - H.USEDITEMS.CA:8085 - K.VIDIHUT.COM:8085"
"Malware-Traffic-Analysis.net","2015-02-10 - ANGLER EK FROM 151.80.94.250"
"Malware-Traffic-Analysis.net","2015-02-11 - WINDIGO GROUP NUCLEAR EK"
"Malware-Traffic-Analysis.net","2015-02-13 - MAGNITUDE EK FROM 46.166.182.101"
"Malware-Traffic-Analysis.net","2015-02-16 - CHANITOR/VAWTRAK MALSPAM - SUBJECT: E-TICKET FROM AMERICAN AIRLINES"
"Malware-Traffic-Analysis.net","2015-02-23 - SWEET ORANGE EK FROM 95.183.8.177 - H.ROCKYHILLREALTOR.COM:8085"
"Malware-Traffic-Analysis.net","2015-03-01 - MAGNITUDE EK - 188.138.68.68 - EFD6D9.02.3F.9874379.73336DA.A6800E.7B.XRDIP554S7QW.MATTERHANDLES.IN"
"Malware-Traffic-Analysis.net","2015-03-16 - EXAMPLES OF NUCLEAR EK PUSHING KELIHOS"
"Malware-Traffic-Analysis.net","2015-03-17 - FIESTA EK FROM 217.172.170.6 - IUELOXP.SERVEPICS.COM"
"Malware-Traffic-Analysis.net","2015-03-18 - UPATRE/DYRE MALSPAM - SUBJECT: FW: CUSTOMER ACCOUNT DOCS"
"Malware-Traffic-Analysis.net","2015-03-24 - MALSPAM GENERATES CHANITOR/VAWTRAK"
"Malware-Traffic-Analysis.net","2015-03-25 - ANGLER EK PUSHES RANSOMWARE"
"Malware-Traffic-Analysis.net","2015-03-26 - FIESTA EK FROM 217.172.170.17 - MCGHMENEUC.SERVEPICS.COM"
"Malware-Traffic-Analysis.net","2015-03-27 - ANGLER EK AND MAGNITUDE EK"
"Malware-Traffic-Analysis.net","2015-03-30 - FIESTA EK FROM 205.234.186.113 PUSHES SIMDA MALWARE"
"Malware-Traffic-Analysis.net","2015-04-01 - ANGLER EK FROM 209.126.113.76"
"Malware-Traffic-Analysis.net","2015-04-03 - NUCLEAR EK DROPS TESLACRYPT MALWARE"
"Malware-Traffic-Analysis.net","2015-04-06 - WHAT'S NEUTRINO EK BEEN UP TO LATELY?"
"Malware-Traffic-Analysis.net","2015-04-09 - NUCLEAR EK DELIVERS TROLDESH RANSOMWARE"
"Malware-Traffic-Analysis.net","2015-04-15 - DRIDEX MALSPAM ABOUT FAILED WIRE TRANSFERS"
"Malware-Traffic-Analysis.net","2015-04-25 - ANGLER EK FOLLOWED BY MAGNITUDE EK DURING POST-INFECTION"
"Malware-Traffic-Analysis.net","2015-04-30 - ANGLER EK DELIVERS ALPHA CRYPT RANSOMWARE"
"Malware-Traffic-Analysis.net","2015-05-05 - ANGLER EK FROM 94.242.255.53"
"Malware-Traffic-Analysis.net","2015-05-06 - ANGLER EK FROM 94.242.255.59 DELIVERS ALPHA CRYPT RANSOMWARE"
"Malware-Traffic-Analysis.net","2015-05-06 - RIG EK CHANGED HOW IT SENDS THE MALWARE PAYLOAD"
"Malware-Traffic-Analysis.net","2015-05-07 - ANGLER EK FROM 94.242.255.60 DELIVERS MORE RANSOMWARE"
"Malware-Traffic-Analysis.net","2015-05-11 - MALSPAM CAMPAIGN - FAKE AMERICAN AIRLINES MESSAGES"
"Malware-Traffic-Analysis.net","2015-05-14 - ANGLER EK DELIVERS RANSOMWARE"
"Malware-Traffic-Analysis.net","2015-05-14 - ANGLER EK FROM 178.63.174.153 - SENDS BEDEP & NECURS"
"Malware-Traffic-Analysis.net","2015-05-14 - NUCLEAR EK FROM 109.234.37.12 - SENDS NECURS"
"Malware-Traffic-Analysis.net","2015-05-14 - Nuclear EK DELIVERS RANSOMWARE"
"Malware-Traffic-Analysis.net","2015-05-18 - ANGLER EK SENDS BEDEP"
"Malware-Traffic-Analysis.net","2015-05-22 - FIESTA EK FROM BIZCN ACTOR"
"Malware-Traffic-Analysis.net","2015-05-24 - NEUTRINO EK FROM 193.242.211.149"
"Malware-Traffic-Analysis.net","2015-05-25 - ANGLER EK DELIVERS RANSOMWARE"
"Malware-Traffic-Analysis.net","2015-05-26 - ANGLER EK SENDS BEDEP, HOST INFECTED WITH CRYPTOWALL 3.0"
"Malware-Traffic-Analysis.net","2015-06-01 - ANGLER EK FROM 94.242.198.222 SENDS BEDEP AND NECURS"
"Malware-Traffic-Analysis.net","2015-06-05 - ANGLER EK FROM 209.133.200.228 SENDS BEDEP AND NECURS"
"Malware-Traffic-Analysis.net","2015-06-08 - ANGLER EK - MORE CHANGES IN TRAFFIC PATTERNS"
"Malware-Traffic-Analysis.net","2015-06-09 - ANGLER EK - STILL ON A ""CRYPTOWALL RAMPAGE"""
"Malware-Traffic-Analysis.net","2015-06-12 - ANGLER EK SENDS CRYPTOWALL 3.0 (AGAIN)"
"Malware-Traffic-Analysis.net","2015-06-12 - NUCLEAR EK FROM 108.61.178.68"
"Malware-Traffic-Analysis.net","2015-06-15 - ANGLER EK FROM 46.4.235.3 SENDS BEDEP"
"Malware-Traffic-Analysis.net","2015-06-16 - ANGLER EK FROM 46.4.235.1 SENDS CRYPTOWALL 3.0"
"Malware-Traffic-Analysis.net","2015-06-17 - ANGLER EK FROM 213.133.111.21 SENDS CRYPTOWALL 3.0"
"Malware-Traffic-Analysis.net","2015-07-02 - FIESTA EK FROM 66.225.219.224 - JACKKWIZC.DDNSKING.COM"
"Malware-Traffic-Analysis.net","2015-07-03 - ANGLER EK SENDS CRYPTOWALL 3.0"
"Malware-Traffic-Analysis.net","2015-07-05 - ANGLER EK FROM 5.196.183.76 SENDS CRYPTOWALL 3.0"
"Malware-Traffic-Analysis.net","2015-07-05 - BIZCN GATE ACTOR USING NUCLEAR EK - TRAFFIC AND MALWARE"
"Malware-Traffic-Analysis.net","2015-07-06 - ANGLER EK FROM 74.63.217.220 SENDS CRYPTOWALL 3.0"
"Malware-Traffic-Analysis.net","2015-07-07 - ANGLER EK TRAFFIC - 2 EXAMPLES"
"Malware-Traffic-Analysis.net","2015-07-07 - BIZCN GATE ACTOR NUCLEAR EK"
"Malware-Traffic-Analysis.net","2015-07-08 - ANGLER EK SENDS CRYPTOWALL 3.0 - 2 EXAMPLES"
"Malware-Traffic-Analysis.net","2015-07-08 - BIZCN GATE ACTOR NUCLEAR EK ON 108.61.188.92"
"Malware-Traffic-Analysis.net","2015-07-09 - ANGLER EK - 2 EXAMPLES (CRYPTOWALL 3.0 AND BEDEP)"
"Malware-Traffic-Analysis.net","2015-07-09 - BIZCN GATE ACTOR NUCLEAR EK ON 104.238.187.29"
"Malware-Traffic-Analysis.net","2015-07-10 - ANGLER EK FROM 176.9.245.142 SENDS CRYPTOWALL 3.0"
"Malware-Traffic-Analysis.net","2015-07-10 - NEUTRINO EK - 3 EXAMPLES"
"Malware-Traffic-Analysis.net","2015-07-13 - ANGLER EK FROM 136.243.96.94 SENDS CRYPTOWALL 3.0"
"Malware-Traffic-Analysis.net","2015-07-13 - BIZCN GATE ACTOR NUCLEAR EK ON 185.92.220.196"
"Malware-Traffic-Analysis.net","2015-07-14 - ANGLER EK - TWO EXAMPLES - BEDEP & CRYPTOWALL 3.0"
"Malware-Traffic-Analysis.net","2015-07-14 - BIZCN GATE ACTOR NUCLEAR EK ON 108.61.167.124"
"Malware-Traffic-Analysis.net","2015-07-15 - ANGLER EK FROM 185.48.58.51 SENDS CRYPTOWALL 3.0"
"Malware-Traffic-Analysis.net","2015-07-15 - BIZCN GATE ACTOR NUCLEAR EK ON 104.207.131.131"
"Malware-Traffic-Analysis.net","2015-07-16 - ANGLER EK FROM 206.190.134.188 SENDS CRYPTOWALL 3.0"
"Malware-Traffic-Analysis.net","2015-07-16 - ANGLER EK FROM 69.162.90.107 SENDS BEDEP"
"Malware-Traffic-Analysis.net","2015-07-16 - BIZCN GATE ACTOR NUCLEAR EK ON 216.170.114.126"
"Malware-Traffic-Analysis.net","2015-07-16 - NEUTRINO EK FROM 82.211.30.153 PORT 31251"
"Malware-Traffic-Analysis.net","2015-07-16 - RIG EK FROM 46.30.42.238"
"Malware-Traffic-Analysis.net","2015-07-17 - BIZCN GATE ACTOR NUCLEAR EK ON 188.166.120.33 SENDS CRYPTOWALL 3.0"
"Malware-Traffic-Analysis.net","2015-07-17 - MAGNITUDE EK FROM 188.42.244.146"
"Malware-Traffic-Analysis.net","2015-07-20 - NUCLEAR EK SENDS TESLACRYPT 2.0"
"Malware-Traffic-Analysis.net","2015-07-22 - NUCLEAR EK CHANGES URL PATTERNS"
"Malware-Traffic-Analysis.net","2015-07-23 - ANGLER EK FROM 216.245.213.141 SENDS CRYPTOWALL 3.0"
"Malware-Traffic-Analysis.net","2015-07-27 - ANGLER EK FROM 69.162.116.253 SENDS CRYPTOWALL 3.0"
"Malware-Traffic-Analysis.net","2015-07-30 - ANGLER EK FROM 69.162.112.181 SENDS CRYPTOWALL 3.0"
"Malware-Traffic-Analysis.net","2015-07-30 - BIZCN GATE ACTOR NUCLEAR EK ON 46.101.18.39"
"Malware-Traffic-Analysis.net","2015-08-03 - RIG EK FROM 46.30.46.26"
"Malware-Traffic-Analysis.net","2015-08-06 - ADWIND MALSPAM EXAMPLES"
"Malware-Traffic-Analysis.net","2015-08-07 - RIG EK FROM 46.30.46.24 - ADD.ELLICOTTVILLEREALESTATE.COM"
"Malware-Traffic-Analysis.net","2015-08-10 - ANGLER EK FROM 144.76.161.249 SENDS BEDEP"
"Malware-Traffic-Analysis.net","2015-08-12 - NUCLEAR EK FROM 188.166.1.98 - AABEWEDDBHUJKOGE.CF"
"Malware-Traffic-Analysis.net","2015-08-13 - ANGLER EK FROM 176.9.197.68 SENDS CRYPTOWALL 3.0"
"Malware-Traffic-Analysis.net","2015-08-14 - BIZCN GATE ACTOR NUCLEAR EK FROM 89.238.181.74 - FREE3DPRINT.CF"
"Malware-Traffic-Analysis.net","2015-08-14 - NUCLEAR EK FROM 95.85.21.30 - BACUHYTGBNVEDHHKO.ML"
"Malware-Traffic-Analysis.net","2015-08-17 - ANGLER EK SENDS BEDEP FROM 94.23.170.230 - POVAZAN.SPACEDISCUSSIONS.COM"
"Malware-Traffic-Analysis.net","2015-08-17 - RIG EK FROM 94.142.139.186 - LIFE.MIRAGE-INC.COM"
"Malware-Traffic-Analysis.net","2015-08-19 - BIZCN GATE ACTOR NUCLEAR EK FROM 31.214.157.20 - BLIZFONE.CF"
"Malware-Traffic-Analysis.net","2015-08-24 - ANGLER EK FROM 31.148.219.194 SENDS TESLACRYPT 2.0"
"Malware-Traffic-Analysis.net","2015-08-24 - RIG EK FROM 94.142.140.222 - LOAD.LEDREQUIRED.COM"
"Malware-Traffic-Analysis.net","2015-08-26 - UPATRE/DYRE MALSPAM"
"Malware-Traffic-Analysis.net","2015-08-28 - BIZCN GATE ACTOR EXAMPLES"
"Malware-Traffic-Analysis.net","2015-09-02 - NEUTRINO EK FROM 46.108.156.181 SENDS TESLACRYPT 2.0"
"Malware-Traffic-Analysis.net","2015-09-03 - ANGLER EK SENDS TESLACRYPT 2.0 ONE DAY, THEN CRYPTOWALL 3.0 THE NEXT"
"Malware-Traffic-Analysis.net","2015-09-04 - UPATRE/DYRE MALSPAM - SUBJ: SCANNED IMAGE FROM A XEROX WORKCENTRE"
"Malware-Traffic-Analysis.net","2015-09-08 - NEUTRINO EK FROM 46.108.156.190 SENDS CRYPTOWALL 3.0"
"Malware-Traffic-Analysis.net","2015-09-10 - ANGLER EK FROM 62.109.9.60"
"Malware-Traffic-Analysis.net","2015-09-11 - BIZCN GATE ACTOR NEUTRINO EK FROM 46.108.156.189 PORT 32393 - WOTPGA.ZUKONLINE.XYZ"
"Malware-Traffic-Analysis.net","2015-09-14 - ANGLER EK FROM 207.182.157.157 SENDS CRYPTOWALL 3.0"
"Malware-Traffic-Analysis.net","2015-09-14 - BIZCN GATE ACTOR NEUTRINO EK FROM 46.108.156.189 PORT 35827 - KXHGOKBJQC.UOQBZFYXDCT.CF"
"Malware-Traffic-Analysis.net","2015-09-15 - ANGLER EK FROM 185.49.68.129 SENDS BEDEP"
"Malware-Traffic-Analysis.net","2015-09-15 - NUCLEAR EK FROM 162.247.14.136 SENDS TESLACRYPT 2.0"
"Malware-Traffic-Analysis.net","2015-09-16 - NEUTRINO EK FROM 89.38.149.168 SENDS CRYPTOWALL 3.0"
"Malware-Traffic-Analysis.net","2015-09-16 - NUCLEAR EK FROM 162.247.14.156 SENDS TESLACRYPT 2.0"
"Malware-Traffic-Analysis.net","2015-09-18 - NUCLEAR EK FROM 178.62.72.26 - OAACDERESFTU.TK"
"Malware-Traffic-Analysis.net","2015-09-21 - RIG EK FROM 46.30.43.111 - REH.HEALTZKART.ORG"
"Malware-Traffic-Analysis.net","2015-09-22 - NUCLEAR EK FROM 46.101.165.112 - BAGREWAKOKUGRE.ML"
"Malware-Traffic-Analysis.net","2015-09-23 - BARTALEX MALSPAM SENDS PONY AND VAWTRAK"
"Malware-Traffic-Analysis.net","2015-09-29 - ANGLER EK FROM 85.25.102.2 SENDS CRYPTOWALL 3.0"
"Malware-Traffic-Analysis.net","2015-09-29 - NUCLEAR EK FROM 162.247.14.204 - KOLENKOVOLODKI.CF"
"Kahu Security","8x8 Script Leads to Infinity Drive-By"
"SpiderLabs Blog","A Peek Into the Lion's Den - The Magnitude [aka PopAds] Exploit Kit"
"Malware don't need Coffee","A fileless Ursnif doing some POS focused rec"
"FoxIT Blog","Analysis of malicious advertisements on telegraaf.nl"
"Kahu Security","Analyzing DotkaChef Exploit Pack"
"Malware don't need Coffee","Angler ""April Fish"""
"Malware don't need Coffee","Angler EK : now capable of ""fileless"" infection (memory malware)"
"FireEye Threat Research","Angler EK Exploiting Adobe Flash CVE-2015-0359 with CFG Bypass"
"Cisco Blog > Security","Angler EK: More Obfuscation, Fake Extensions, and Other Nonsense"
"Cisco Blog > Security","Angler Exploit Kit - New Variants"
"Malwarebytes UNPACKED","Angler Exploit Kit Blasts Daily Mail Visitors Via Malvertising"
"RiskIQ Blog","Angler Exploit Kit Detected on High Profile Websites"
"Proofpoint threatinsight","Angler Exploit Kit Featured in Mass Phishing Campaign"
"Malware don't need Coffee","Another look at Niteris : post exploitation WMI and Fiddler checks"
"F-Secure Labs","Archie and Astrum: New Players in the Exploit Kit Market"
"AlienVault Blogs","Archie: Just another Exploit kit"
"Malware don't need Coffee","Bye Bye Flash EK ? (and Windigo group adapting)"
"CVE Details","CVE-2010-0188"
"CVE Details","CVE-2011-2010"
"CVE Details","CVE-2011-3402"
"CVE Details","CVE-2011-3544"
"CVE Details","CVE-2012-0507"
"CVE Details","CVE-2012-1723"
"CVE Details","CVE-2012-1889"
"CVE Details","CVE-2012-3993"
"CVE Details","CVE-2012-4681"
"CVE Details","CVE-2012-5692"
"CVE Details","CVE-2013-0025"
"CVE Details","CVE-2013-0074"
"CVE Details","CVE-2013-0322"
"CVE Details","CVE-2013-0422"
"CVE Details","CVE-2013-0634"
"CVE Details","CVE-2013-1347"
"CVE Details","CVE-2013-1493"
"CVE Details","CVE-2013-1710"
"CVE Details","CVE-2013-2423"
"CVE Details","CVE-2013-2424"
"CVE Details","CVE-2013-2460"
"CVE Details","CVE-2013-2463"
"CVE Details","CVE-2013-2465"
"CVE Details","CVE-2013-2471"
"CVE Details","CVE-2013-2551"
"CVE Details","CVE-2013-2883"
"CVE Details","CVE-2013-3896"
"CVE Details","CVE-2013-3897"
"CVE Details","CVE-2013-7149"
"CVE Details","CVE-2013-7331"
"CVE Details","CVE-2014-0322"
"Malware don't need Coffee","CVE-2014-0322 integrating Exploit Kits"
"CVE Details","CVE-2014-0497"
"CVE Details","CVE-2014-0502"
"CVE Details","CVE-2014-0515"
"Malware don't need Coffee","CVE-2014-0515 (Flash 13.0.0.182 and earlier) integrating Exploit Kits"
"CVE Details","CVE-2014-0556"
"CVE Details","CVE-2014-0569"
"Malware don't need Coffee","CVE-2014-0569 (Flash Player) integrating Exploit Kit"
"Malware don't need Coffee","CVE-2014-0569 (Flash Player) integrating Exploit Kit"
"CVE Details","CVE-2014-1776"
"CVE Details","CVE-2014-6332"
"Malware don't need Coffee","CVE-2014-6332 (Internet Explorer) and Exploits Kits"
"CVE Details","CVE-2014-8439"
"TrendLabs Security Intelligence Blog","CVE-2014-8439 Vulnerability: Trend Micro Solutions Ahead of the Game"
"CVE Details","CVE-2014-8440"
"Malware don't need Coffee","CVE-2014-8440 (Flash up to 15.0.0.189) and Exploit Kits"
"CVE Details","CVE-2015-0097"
"FireEye Threat Research","CVE-2015-0097 Exploited in the Wild"
"CVE Details","CVE-2015-0310"
"CVE Details","CVE-2015-0311"
"CVE Details","CVE-2015-0313"
"Malware don't need Coffee","CVE-2015-0313 (Flash up to 16.0.0.296) and Exploit Kits"
"CVE Details","CVE-2015-0336"
"Malware don't need Coffee","CVE-2015-0336 (Flash up to 16.0.0.305) and Exploit Kits"
"FireEye Threat Research","CVE-2015-0336 Nuclear EK"
"CVE Details","CVE-2015-0359"
"CVE Details","CVE-2015-1671"
"CVE Details","CVE-2015-2419"
"Malware don't need Coffee","CVE-2015-2419 (Internet Explorer) and Exploits Kits"
"FireEye Threat Research","CVE-2015-2419 - Internet Explorer Double-Free in Angler EK"
"CVE Details","CVE-2015-2444"
"CVE Details","CVE-2015-2545"
"CVE Details","CVE-2015-3090"
"Malware don't need Coffee","CVE-2015-3090 (Flash up to 17.0.0.169) and Exploit Kits"
"CVE Details","CVE-2015-3104"
"Malware don't need Coffee","CVE-2015-3104/3105 (Flash up to 17.0.0.188) and Exploit Kits"
"CVE Details","CVE-2015-3105"
"CVE Details","CVE-2015-3113"
"Malware don't need Coffee","CVE-2015-3113 (Flash up to 18.0.0.160) and Exploit Kits"
"CVE Details","CVE-2015-5119"
"CVE Details","CVE-2015-5122"
"Malware don't need Coffee","CVE-2015-5122 (HackingTeam 0d two - Flash up to 18.0.0.203) and Exploit Kits"
"CVE Details","CVE-2015-5123"
"CVE Details","CVE-2015-5560"
"Malware don't need Coffee","CVE-2015-5560 (Flash up to 18.0.0.209) and Exploit Kits"
"Malware don't need Coffee","Call me Null Hole maybe ?"
"Malware don't need Coffee","Communizm : the Ramdo/Redyms Affiliate"
"Malwarebytes UNPACKED","Convincing YouTube look-alike fires RIG Exploit Kit"
"Malware Analysis: The Final Frontier","CottonCastle EK: ""I hate to break this to you, but this isn't gonna be an open casket."""
"DELL SecureWorks","Cutwail Spam Swapping Blackhole for Magnitude Exploit Kit"
"Symantec Connect","Dailymotion Compromised to Send Users to Exploit Kit"
"Kahu Security","Deobfuscating Magnitude Exploit Kit"
"Malware Analysis: The Final Frontier","Deobfuscation tips: SweetOrange EK landing page"
"Proofpoint threatinsight","Dotkachef Exploit Kit Usage Likely Increasing"
"Symantec Connect","Dyre emerges as main financial Trojan threat"
"SpiderLabs Blog","Exploit Kit Roundup: Best of Obfuscation Techniques"
"Malwarebytes UNPACKED","Exposing the Flash 'EITest' malware campaign"
"Symantec Connect","Facebook Scam Leads to Nuclear Exploit Kit"
"Malware don't need Coffee","Fast look at Sundown EK"
"Proofpoint threatinsight","Fiesta Where?"
"Malwarebytes UNPACKED","Fiesta exploit kit does the splits"
"Malwarebytes UNPACKED","Fileless Infections from Exploit Kit: An Overview"
"Malwarebytes UNPACKED","Flash EK skips landing page, goes Flash all the way"
"Websense Security Labs Blog","Happy Nucl(y)ear - Evolution of an Exploit Kit"
"welivesecurity.com","Interactive exploit kit redirection technique"
"Malware don't need Coffee","Kovter AdFraud is updating Flash Player (and Internet Explorer)"
"Symantec Connect","Kovter malware learns from Poweliks with persistent fileless registry update"
"Malwarebytes UNPACKED","Large Malvertising Campaign Goes (Almost) Undetected"
"SpiderLabs Blog","Large scale malicious spam campaign exploiting Boston bombing"
"ZScaler Threat Labz","LightsOut EK Targets Energy Sector"
"Malware Analysis: The Final Frontier","LightsOut EK: ""By the way... How much is the fish!?"""
"Malware don't need Coffee","Magnitude EK : Pop Pop !"
"SpiderLabs Blog","Magnitude Exploit Kit Backend Infrastructure Insight - Part I"
"SpiderLabs Blog","Magnitude Exploit Kit Backend Infrastructure Insight - Part II"
"SpiderLabs Blog","Magnitude Exploit Kit Backend Infrastructure Insight - Part III"
"Malwarebytes UNPACKED","Malvertising Attack Hits Realtor.com Visitors"
"Malwarebytes UNPACKED","Malvertising campaign on popular site leads to Silverlight exploit, Zeus Trojan"
"Malwarebytes UNPACKED","Malvertising hits ""The Times of Israel"" and ""The Jerusalem Post"", redirects to Nuclear Exploit Kit"
"Proofpoint threatinsight","Malware Campaign that Says ÒWhatsappÓ Goes Nuclear"
"Malware don't need Coffee","Meet CritXPack (Previously Vintage Pack)"
"Malware don't need Coffee","Meet Niteris EK (formerly known as CottonCastle)"
"Proofpoint threatinsight","New Dridex Botnet Drives Massive Surge in Malicious Attachments"
"ThreatPost","New Kronos Banking Malware Advertised On Russian Forums"
"Malwarebytes UNPACKED","New Neutrino EK Campaign Drops Andromeda"
"TrendLabs Security Intelligence Blog","Nuclear Exploit Kit Evolves, Includes Silverlight Exploit"
"ZScaler Threat Labz","Nuclear Exploit Kit and Flash CVE-2014-0515"
"ZScaler Threat Labz","Nuclear exploit kit - complete infection cycle"
"MALware FORensics SECurity","Nuclear pack (exploit kit) landing pane details"
"TrendLabs Security Intelligence Blog","Obfuscated Flash Files Make Their Mark in Exploit Kits"
"Websense Security Labs Blog","Official Website of Popular Science Compromised"
"F-Secure Labs","Out-of-Band Flash Player Update for CVE-2014-8439"
"Symantec Connect","Popular Japanese Publisher's Website led to Gongda Exploit Kit"
"Cisco Blog > Security","RIG Exploit Kit Strikes Oil"
"Kahu Security","RIG Exploit Pack"
"Kahu Security","Reversing RIG EK's Flash File"
"Symantec Connect","Rig Exploit Kit Used in Recent Website Compromise"
"Malware don't need Coffee","Say Hello to Astrum EK"
"Malware don't need Coffee","SevPod : The Waledac (Spambot.Kelihos) Affiliate by Severa"
"Malwarebytes UNPACKED","Shining some light on the ""Unknown"" Exploit Kit"
"Malware don't need Coffee","Silence Exploit Kit new brows.....oh wait !"
"Kahu Security","Sneaky Redirect to Exploit Kit"
"Malwarebytes UNPACKED","SocialBlade.com compromised, starts redirection chain to Nuclear Pack exploit kit"
"Symantec Connect","Spin.com visitors served malware instead of music"
"Proofpoint threatinsight","Streaming Media Site Hit by Malvertising"
"Malwarebytes UNPACKED","Streaming Netflix on your PC? Beware of Silverlight exploit"
"Malwarebytes UNPACKED","Sub-domain on SourceForge redirects to Flash Pack Exploit Kit"
"Symantec Connect","Sundown exploit kit adds Internet Explorer exploit before any other kit"
"Kahu Security","The Resurrection of RedKit"
"Websense Security Labs Blog","The official website of AskMen is compromised to serve malicious code"
"Symantec Connect","Third Adobe Flash zero-day exploit (CVE-2015-5123) leaked from Hacking Team cache"
"Cisco Blog > Security","Threat Spotlight: Angler Lurking in the Domain Shadows"
"Avast Blog","Tiny Banker Trojan targets customers of major banks worldwide"
"Recorded Future","Tracking Moving Targets: Exploit Kits and CVEs"
"Malware don't need Coffee","Unpatched Vulnerability (0day) in Flash Player is being exploited by Angler EK"
"TrendLabs Security Intelligence Blog","Website Add-on Targets Japanese Users, Leads To Exploit Kit"
"Malwarebytes UNPACKED","Yet another case of malvertising on The Pirate Bay"
"TrendLabs Security Intelligence Blog","YouTube Ads Lead To Exploit Kits, Hit US Victims"
"Malware Analysis: The Final Frontier","Zuponcic: ""Is it a bird?... Is it a plane?... No, it's another... wait, what!?"" --- Part 2"
"Bromium Labs","Pirates of the Internetz: The curse of the waterhole"
